1,janiecee,2023-05-26,08:09,1
2,janiecee,2023-05-26,23:09,2
3,merylpor,2023-05-26,11:10,1
4,merylpor,2023-05-26,23:10,2
5,gryffind,2023-05-26,11:08,1
6,gryffind,2023-05-26,21:10,2
7,janiecee,2023-05-27,10:09,1
8,janiecee,2023-05-27,23:09,2
9,merylpor,2023-05-27,11:10,1
10,merylpor,2023-05-27,23:10,2
11,luigiket,2023-05-27,11:08,1
12,luigiket,2023-05-27,21:10,2
13,nohoteth,2023-05-28,10:09,1
14,nohoteth,2023-05-28,23:09,2
15,listat,2023-05-28,08:10,1
16,listat,2023-05-28,23:10,2
17,corkiudy,2023-05-28,08:08,1
18,corkiudy,2023-05-28,21:10,2
19,gryffind,2023-05-29,08:09,1
20,gryffind,2023-05-29,23:09,2
21,listat,2023-05-29,08:10,1
22,listat,2023-05-29,23:10,2
23,luigiket,2023-05-29,08:08,1
24,luigiket,2023-05-29,21:10,2
25,luigiket,2023-05-30,08:08,1
26,luigiket,2023-05-30,21:10,2
27,luigiket,2023-06-01,08:08,1
28,luigiket,2023-06-01,21:10,2
29,gryffind,2023-06-02,08:08,1
30,gryffind,2023-06-02,21:10,2
31,manhunte,2023-06-01,08:08,1
32,manhunte,2023-06-01,21:10,2
33,mikaelag,2023-06-02,12:08,1
34,mikaelag,2023-06-02,21:10,2
35,manhunte,2023-06-03,08:08,1
36,manhunte,2023-06-04,21:10,2